INSERT INTO orders (customer_name, customer_address, amount, created_dt) VALUES
    ('Александр', 'г. Самара, Московское шоссе, 304', 38200, '2020-09-10 11:56:23'),
    ('Светлана', 'г. Самара, ул. Революционная, 4', 115000, '2020-09-10 10:23:54'),
    ('Валерий', 'г. Самара, ул. Ново-садовая, 157', 230000, '2020-09-10 15:43:20');

INSERT INTO products (serial_number, title, description, sp_date) VALUES
    ('13s2452d47g56', 'Пылесос', 'Отпугиватель кота', '2019-02-12'),
    ('3566g758f76g8', 'Монитор', 'Рамка с картинками', '2018-12-12'),
    ('5s6908h908g73', 'Люстра', 'Светило комнатное', '2017-04-09'),
    ('41v75v38j6396', 'Роутер', 'Портал в иной мир', '2020-01-07'),
    ('47n546n821d35', 'WI-FI адаптер', 'Проход к порталу в иной мир', '2020-03-08'),
    ('14xz78589k635', 'Блендер', 'Уничтожитель', '2020-06-03'),
    ('257x53687lk45', 'Шкаф', 'Ящик с тряпками', '2016-11-04'),
    ('4v783j9658s47', 'Холодильник', 'Шкаф с радостями', '2017-10-22'),
    ('4172m83s95r22', 'Дрель', 'Инструмент идеального соседа', '2020-05-05'),
    ('9876c735w22g3', 'Ubuntu', 'Занимательная головоломка', '2020-07-13'),
    ('123c456j78h89', 'Бубен', 'Чит к ubuntu', '2017-08-27');

INSERT INTO order_details (product_serial_number, quantity, order_id) VALUES
    ('3566g758f76g8', 2, 1),
    ('41v75v38j6396', 1, 1),
    ('47n546n821d35', 3, 1),
    ('9876c735w22g3', 1, 1),
    ('123c456j78h89', 1, 1),
    ('13s2452d47g56', 1, 2),
    ('14xz78589k635', 1, 2),
    ('257x53687lk45', 2, 2),
    ('4v783j9658s47', 1, 2),
    ('4172m83s95r22', 1, 3),
    ('5s6908h908g73', 2, 3),
    ('41v75v38j6396', 1, 3),
    ('47n546n821d35', 2, 3),
    ('4v783j9658s47', 1, 3);